{
  "device": "mps",
  "num_envs": 12,
  "total_timesteps": 3000000,
  "n_steps": 512,
  "ppo_epochs": 2,
  "batch_size": 64,
  "learning_rate": 0.0004240374814928753,
  "gamma": 0.9916345592142025,
  "gae_lambda": 0.9417171140099482,
  "clip_coef": 0.23665681638771793,
  "vf_coef": 0.47849844390843776,
  "ent_coef": 0.014988315776170852,
  "action_space_n": 36,
  "render": true,
  "tile": 22,
  "run_name": "tetris-ppo",
  "run_dir": "runs/tetris-ppo-20250904-180409-f7d8c4",
  "notes": null,
  "timestamp": "20250904-180409",
  "uid": "f7d8c4"
}